brand,category,country,city
"Reese, Kelley and Palmer",show,Togo,Lake Anthony
Weaver LLC,back,Dominica,Hamiltonshire
Perry and Sons,middle,Kuwait,Hamiltonshire
Weaver LLC,collection,Netherlands Antilles,Tylerchester
Hernandez Ltd,southern,Dominica,Jennifermouth
"Sanchez, Caldwell and Wood",middle,Togo,Port Samuel
Hernandez Ltd,approach,Dominica,South Joseph
Hernandez Ltd,approach,Kuwait,Jennifermouth
Brewer Ltd,they,Benin,Tylerchester
Hernandez Ltd,political,Kuwait,Tylerchester
Brewer Ltd,show,Dominica,Deanville
Weaver LLC,effect,Dominica,South Joseph
Hernandez Ltd,political,Dominica,East Peggy
Brewer Ltd,southern,Netherlands Antilles,New Nichole
"Sanchez, Caldwell and Wood",effect,Dominica,Tylerchester
"Reese, Kelley and Palmer",middle,Benin,South Brandon
Perry and Sons,show,Benin,South Brandon
Perry and Sons,middle,Netherlands Antilles,Tylerchester
Weaver LLC,collection,Togo,Lake Anthony
Lynch Ltd,southern,Benin,Port Samuel
"Sanchez, Caldwell and Wood",southern,Togo,Hamiltonshire
"Reese, Kelley and Palmer",show,Kuwait,South Joseph
Weaver LLC,back,Netherlands Antilles,Williamsberg
"Hernandez, Baker and Barron",road,Benin,Christopherbury
Paul-Wheeler,southern,Kuwait,Seanville
"Reese, Kelley and Palmer",effect,Benin,Jennifermouth
Lynch Ltd,they,Netherlands Antilles,Port Samuel
"Hernandez, Baker and Barron",effect,Netherlands Antilles,South Brandon
"Sanchez, Caldwell and Wood",road,Netherlands Antilles,New Nichole
Perry and Sons,show,Kuwait,Peterbury
Hernandez Ltd,middle,Kuwait,Peterbury
Hernandez Ltd,southern,Kuwait,South Joseph
"Nguyen, Lewis and Stevens",collection,Togo,North Emily
Brewer Ltd,back,Kuwait,South Joseph
Paul-Wheeler,southern,Benin,Williamsberg
"Reese, Kelley and Palmer",show,Dominica,Jennifermouth
Brewer Ltd,effect,Netherlands Antilles,Deanville
"Hernandez, Baker and Barron",they,Kuwait,Oscarbury
"Nguyen, Lewis and Stevens",back,Kuwait,Oscarbury
Hernandez Ltd,back,Dominica,South Brandon
"Nguyen, Lewis and Stevens",political,Benin,Deanville
Lynch Ltd,effect,Netherlands Antilles,Sarahton
Hernandez Ltd,southern,Dominica,Peterbury
Brewer Ltd,southern,Kuwait,Oscarbury
Lynch Ltd,political,Kuwait,New Nichole
"Hernandez, Baker and Barron",political,Kuwait,Leebury
"Nguyen, Lewis and Stevens",approach,Kuwait,South Brandon
"Reese, Kelley and Palmer",southern,Benin,Peterbury
Weaver LLC,effect,Togo,North Emily
Paul-Wheeler,they,Netherlands Antilles,Jennifermouth
Perry and Sons,southern,Benin,Christopherbury
"Hernandez, Baker and Barron",road,Dominica,Tylerchester
Hernandez Ltd,effect,Togo,Deanville
Weaver LLC,road,Benin,Oscarbury
"Reese, Kelley and Palmer",show,Kuwait,East Tim
"Hernandez, Baker and Barron",middle,Benin,Port Samuel
"Nguyen, Lewis and Stevens",middle,Kuwait,South Joseph
Brewer Ltd,effect,Kuwait,Oscarbury
Hernandez Ltd,effect,Benin,Peterbury
"Sanchez, Caldwell and Wood",effect,Dominica,Port Samuel
"Reese, Kelley and Palmer",show,Dominica,East Tim
"Hernandez, Baker and Barron",political,Netherlands Antilles,Oscarbury
Perry and Sons,approach,Netherlands Antilles,Seanville
Paul-Wheeler,they,Togo,Oscarbury
Weaver LLC,road,Kuwait,Port Samuel
Weaver LLC,approach,Kuwait,Lake Anthony
Brewer Ltd,back,Dominica,Leebury
Perry and Sons,middle,Kuwait,North Emily
Lynch Ltd,approach,Togo,Lake Anthony
Paul-Wheeler,approach,Togo,Lake Anthony
Perry and Sons,collection,Togo,Deanville
"Sanchez, Caldwell and Wood",collection,Dominica,New Nichole
"Reese, Kelley and Palmer",effect,Togo,Port Samuel
Paul-Wheeler,back,Dominica,Oscarbury
Hernandez Ltd,collection,Dominica,Tylerchester
"Reese, Kelley and Palmer",middle,Togo,Seanville
"Reese, Kelley and Palmer",middle,Togo,South Brandon
Weaver LLC,effect,Togo,South Brandon
Paul-Wheeler,effect,Dominica,Jennifermouth
Brewer Ltd,back,Netherlands Antilles,Hamiltonshire
Weaver LLC,collection,Netherlands Antilles,Port Samuel
"Hernandez, Baker and Barron",back,Dominica,Lake Benjaminberg
"Hernandez, Baker and Barron",collection,Netherlands Antilles,Sarahton
Hernandez Ltd,middle,Dominica,Lake Anthony
"Hernandez, Baker and Barron",road,Dominica,Sarahton
"Reese, Kelley and Palmer",effect,Benin,Deanville
"Sanchez, Caldwell and Wood",road,Togo,Hamiltonshire
"Nguyen, Lewis and Stevens",they,Kuwait,Lake Anthony
"Sanchez, Caldwell and Wood",they,Togo,South Brandon
"Reese, Kelley and Palmer",show,Kuwait,Lake Anthony
"Reese, Kelley and Palmer",political,Netherlands Antilles,Tylerchester
"Sanchez, Caldwell and Wood",collection,Dominica,Peterbury
Weaver LLC,collection,Dominica,Seanville
"Nguyen, Lewis and Stevens",back,Togo,Tylerchester
"Reese, Kelley and Palmer",effect,Netherlands Antilles,North Emily
"Hernandez, Baker and Barron",road,Dominica,Tylerchester
Lynch Ltd,political,Netherlands Antilles,Lake Benjaminberg
"Sanchez, Caldwell and Wood",approach,Benin,Deanville
Paul-Wheeler,effect,Togo,Hamiltonshire
Hernandez Ltd,they,Dominica,East Peggy
